REFERENCIA,Slug,Price,Regular Price,Stock,Categories,Tags,Registro INVIMA,Advertencia,Beneficios,Width,Height,Depth,Attributes,Modo de Uso,Description
BIOTINA 900 mcg,No lo hagas.,,,mas de 500 unidades,Suplemento Dietario ,,SD2013-0002993,"Este producto es un suplemento dietario, no es un medicamento y no suple una alimentación equilibrada.

Puede causar hipersensibilidad.

No consumir en estado de embarazo y lactancia.

Mantener fuera del alcance de los niños.

Almacenar a temperatura inferior a 30°C y humedad relativa menor a 75%.","Aporta biotina, nutriente que contribuye al mantenimiento normal de la piel, el cabello y las uñas.",,,,Cantidad x 60 cápsulas blandas,"Adultos, tomar 1 cápsula blanda al día","Favorecen el metabolismo energético, ayuda al
Mantenimiento de piel y mucosas, función normal del
Sistema nervioso y mantenimiento del cabello.

La Biotina es una vitamina B, que se encuentra en muchos alimentos y ayudan a convertir los carbohidratos,
las grasas y las proteínas que consume, en energía que usted necesita."
CALCIO 400 mg + VITAMINA D3,No lo hagas.,,,mas de 500 unidades,Suplemento Dietario ,,SD2013-0003063,"Este producto es un suplemento dietario, no es un medicamento y no suple una alimentación equilibrada.

Puede causar hipersensibilidad.

No consumir en estado de embarazo y lactancia.

Mantener fuera del alcance de los niños.

Almacenar a temperatura inferior a 30°C y humedad relativa menor a 75%.","Aporta calcio y vitamina D3, nutrientes que contribuyen al mantenimiento normal de los huesos, los dientes y al adecuado aprovechamiento del calcio en el organismo.",,,,Cantidad x 60 cápsulas blandas,"Adultos, tomar 2 cápsulas blandas al día","La vitamina D ayuda al cuerpo absorber el
calcio y contribuye al funcionamiento normal del sistema inmune.

Consideraciones:
El Calcio contribuye al mantenimiento normal de los huesos y al funcionamiento normal del sistema nervioso y muscular."
CALOSTRO BOVINO,No lo hagas.,,,mas de 500 unidades,Suplemento Dietario ,,SD2024-0001722-R1,"Este producto es un suplemento dietario, no es un medicamento y no suple una alimentación equilibrada.

Puede causar hipersensibilidad.

No consumir en estado de embarazo y lactancia.

Mantener fuera del alcance de los niños.

Almacenar a temperatura inferior a 30°C y humedad relativa menor a 75%.","Aporta calostro bovino, fuente natural de proteínas y compuestos bioactivos que contribuyen a complementar la nutrición y al bienestar del sistema inmune.",,,,Cantidad x 60 cápsulas blandas,"Adultos, tomar 2 cápsulas blandas al día","Fuente natural de proteínas, vitaminas,minerales, ácidos grasos y péptidos bioactivos que contribuyen al soporte nutricional general del organismo.Apoya el equilibrio del sistema inmune y puede favorecer la función digestiva, especialmente en etapas que requieren un mayor aporte nutricional.Contribuye al mantenimiento de la vitalidad y al bienestar general, como parte de una alimentación balanceada."
CLA 1000 mg,No lo hagas.,,,mas de 500 unidades,Suplemento Dietario ,,SD2024-0001728-R1,"Este producto es un suplemento dietario, no es un medicamento y no suple una alimentación equilibrada.

Puede causar hipersensibilidad.

No consumir en estado de embarazo y lactancia.

Mantener fuera del alcance de los niños.

Almacenar a temperatura inferior a 30°C y humedad relativa menor a 75%.","Aporta CLA, ácido graso que acompaña el metabolismo de las grasas dentro de una alimentación equilibrada y un estilo de vida saludable.",,,,Cantidad x 60 cápsulas blandas,"Adultos, tomar 2 cápsulas blandas al día",Contribuye al mantenimiento de un peso corporal saludable cuando se acompaña de una alimentación equilibrada y un estilo de vida activo.Apoya el mantenimiento de niveles saludables de colesterol y triglicéridos. Sus componentes pueden favorecer la respuesta inmunológica y contribuir con el bienestar del sistema inflamatorio.
COLÁGENO 500 mg,No lo hagas.,,,mas de 500 unidades,Suplemento Dietario ,,SD2014-0003101,"Este producto es un suplemento dietario, no es un medicamento y no suple una alimentación equilibrada.

Puede causar hipersensibilidad.

No consumir en estado de embarazo y lactancia.

Mantener fuera del alcance de los niños.

Almacenar a temperatura inferior a 30°C y humedad relativa menor a 75%.","Aporta colágeno, proteína presente de forma natural en el organismo que forma parte de estructuras como la piel, cartílagos y tejidos conectivos.",,,,Cantidad x 60 cápsulas blandas,"Adultos, tomar 2 cápsulas blandas al día","Juega un papel importante en la construcción del cartílago articular.
Estimula la regeneración de los tejidos, mejora la elasticidad y firmeza de la piel. Ayuda a mantener la masa muscular."
COLÁGENO 200 mg + BIOTINA 900 mcg,No lo hagas.,,,mas de 500 unidades,Suplemento Dietario ,,SD2020-0004523,"Este producto es un suplemento dietario, no es un medicamento y no suple una alimentación equilibrada.

Puede causar hipersensibilidad.

No consumir en estado de embarazo y lactancia.

Mantener fuera del alcance de los niños.

Almacenar a temperatura inferior a 30°C y humedad relativa menor a 75%.","Aporta colágeno y biotina, nutrientes que contribuyen al mantenimiento normal de la piel, el cabello y las uñas.",,,,Cantidad x 60 cápsulas blandas,"Adultos, tomar 1 cápsula blanda al día","Es una vitamina que se usa para el fortalecimiento del cabello y las uñas frágiles. Juega un papel importante en la construcción del cartílago articular. Estimula la regeneración de los tejidos, mejora la elasticidad y firmeza de la piel. Ayuda a mantener la masa muscular. Aporta vitalidad al organismo."
COMPLEJO B + ZINC + VITAMINA D3 (blanco),No lo hagas.,,,mas de 500 unidades,Suplemento Dietario ,,SD2017-0004113,"Este producto es un suplemento dietario, no es un medicamento y no suple una alimentación equilibrada.

Puede causar hipersensibilidad.

No consumir en estado de embarazo y lactancia.

Mantener fuera del alcance de los niños.

Almacenar a temperatura inferior a 30°C y humedad relativa menor a 75%.","Aporta vitaminas del complejo B, zinc y vitamina D3, nutrientes que contribuyen al metabolismo energético normal y al funcionamiento normal del sistema nervioso e inmune.",,,,Cantidad x 60 cápsulas blandas,"Adultos, tomar 2 cápsulas blandas al día","Contribuye al metabolismo energético y sistema nervioso normal, ayuda a sobreponerse del desgaste energético. Contribuye a la formación normal de glóbulos rojos. Apoya el metabolismo normal de azúcares, grasas y proteínas. "
"FIBRA DE NARANJA, ESPIRULINA, VITAMINA C, VITAMINA A Y L-CARNITINA",No lo hagas.,,,mas de 500 unidades,Suplemento Dietario ,,SD2024-0001759 - R1,"Este producto es un suplemento dietario, no es un medicamento y no suple una alimentación equilibrada.

Puede causar hipersensibilidad.

No consumir en estado de embarazo y lactancia.

Mantener fuera del alcance de los niños.

Almacenar a temperatura inferior a 30°C y humedad relativa menor a 75%.",Con fibra de naranja que acompaña el bienestar digestivo. Espirulina fuente natural de nutrientes. Vitamina C que contribuye al funcionamiento normal del sistema inmune. Vitamina A que contribuye al mantenimiento normal de la visión. L-carnitina que participa en el metabolismo energético.,,,,Cantidad x 60 cápsulas blandas,"Adultos, tomar 2 cápsulas blandas al día","Contribuye al mantenimiento de una
función intestinal saludable y favorece el
tránsito digestivo.
Actúa como fuente de antioxidantes, apoya el funcionamiento
normal del sistema inmune y contribuye al mantenimiento de
la salud visual, así como al desarrollo normal de huesos,
dientes y tejidos blandos.
Favorece el metabolismo energético y apoya el rendimiento
físico, la recuperación después de la actividad y el
mantenimiento de un peso corporal saludable, cuando se
acompaña de una alimentación balanceada y actividad física
regular."
GLUTATIÓN,No lo hagas.,,,mas de 500 unidades,Suplemento Dietario ,,SD2024-0004811,"Este producto es un suplemento dietario, no es un medicamento y no suple una alimentación equilibrada.

Puede causar hipersensibilidad.

No consumir en estado de embarazo y lactancia.

Mantener fuera del alcance de los niños.

Almacenar a temperatura inferior a 30°C y humedad relativa menor a 75%.","Aporta glutatión, antioxidante presente de forma natural en el organismo y que participa en los procesos naturales de protección y equilibrio celular del organismo.",,,,Cantidad x 60 cápsulas blandas,"Adultos, tomar 2 cápsulas blandas al día","Actúa como un potente antioxidante,ayudando a contrarrestar el estrés oxidativo y contribuyendo a la protección celular frente a los radicales libres.Su función en los procesos de detoxificación celular apoya el equilibrio y la depuración del organismo, lo que favorece el bienestar general y la salud integral.Contribuye al funcionamiento normal del sistema nervioso y al equilibrio de los procesos metabólicos relacionados con el envejecimiento celular."
ISOFLAVONA DE SOYA 16 mg + CALCIO + VITAMINA D3,No lo hagas.,,,mas de 500 unidades,Suplemento Dietario ,,SD2016-0003814,"Este producto es un suplemento dietario, no es un medicamento y no suple una alimentación equilibrada.

Puede causar hipersensibilidad.

No consumir en estado de embarazo y lactancia.

Mantener fuera del alcance de los niños.

Almacenar a temperatura inferior a 30°C y humedad relativa menor a 75%.","Aporta Isoflavonas de soya, compuestos vegetales que acompañan el bienestar general. Calcio, que contribuye al mantenimiento normal de los huesos y dientes. Vitamina D3 que contribuye a la absorción y utilización normal del calcio.",,,,Cantidad x 60 cápsulas blandas,"Adultos, tomar 1 cápsula blanda al día","Isoflavonas de soya, compuestos de origen vegetal asociados al bienestar femenino, además acompañan durante etapas de cambios hormonales como la menopausia. Contiene calcio y vitamina D3, nutrientes importantes para el mantenimiento normal de los huesos. La vitamina D3 favorece el adecuado aprovechamiento del calcio en el organismo. "
LECITINA DE SOYA 1200 mg,No lo hagas.,,,mas de 500 unidades,Suplemento Dietario ,,SD2023-0001466 - R1,"Este producto es un suplemento dietario, no es un medicamento y no suple una alimentación equilibrada.

Puede causar hipersensibilidad.

No consumir en estado de embarazo y lactancia.

Mantener fuera del alcance de los niños.

Almacenar a temperatura inferior a 30°C y humedad relativa menor a 75%.","Fuente de fosfolípidos, compuestos que participan en el metabolismo de las grasas dentro del organismo. ",,,,Cantidad x 60 cápsulas blandas,"Adultos, tomar 2 cápsulas blandas al día","Fuente natural de fosfolípidos que contribuyen al metabolismo normal de las grasas en el organismo. Como parte de una dieta equilibrada y un estilo de vida saludable, puede apoyar el equilibrio de los lípidos en el cuerpo y favorecer el bienestar general. Compuestos asociados al bienestar del sistema cardiovascular y el metabolismo energético."
MULTIVITAMÍNICO CON MINERALES ,No lo hagas.,,,mas de 500 unidades,Suplemento Dietario ,,SD2025-0004870,"Este producto es un suplemento dietario, no es un medicamento y no suple una alimentación equilibrada.

Puede causar hipersensibilidad.

No consumir en estado de embarazo y lactancia.

Mantener fuera del alcance de los niños.

Almacenar a temperatura inferior a 30°C y humedad relativa menor a 75%.","Contribuye al funcionamiento normal del sistema
inmunológico, la salud ósea, la producción de energía
celular y el metabolismo de nutrientes.",,,,Cantidad x 60 cápsulas blandas,"Adultos, tomar 1 cápsula blanda al día","Contribuye al funcionamiento normal del sistema inmunológico, la salud ósea, la producción de energía celular y el metabolismo de nutrientes.
El fósforo es esencial para el funcionamiento normal de los
músculos y del sistema nervioso. La vitamina K apoya a la coagulación normal de la sangre y participa en el uso adecuado del calcio en huesos y tejidos, en
sinergia con la vitamina D3, el calcio y el fósforo. El yodo favorece la producción normal de hormonas tiroideas, que participan en el metabolismo energético y el desarrollo neurológico."
OMEGA 3,No lo hagas.,,,mas de 500 unidades,Suplemento Dietario ,,SD2019-0004443,"Este producto es un suplemento dietario, no es un medicamento y no suple una alimentación equilibrada.

Puede causar hipersensibilidad.

No consumir en estado de embarazo y lactancia.

Mantener fuera del alcance de los niños.

Almacenar a temperatura inferior a 30°C y humedad relativa menor a 75%.","Aporta ácidos grasos omega 3 (EPA y DHA), nutrientes asociados al bienestar cardiovascular y que forman parte de procesos relacionados con el funcionamiento normal del cerebro y la visión.",,,,Cantidad x 60 cápsulas blandas,"Adultos, tomar 2 cápsulas blandas al día","Los ácidos grasos omega 3 (EPA y DHA) son nutrientes esenciales que forman parte de una alimentación equilibrada. Su consumo se asocia al bienestar cardiovascular y a procesos relacionados con el funcionamiento normal del organismo. Además, participan en el equilibrio del organismo y en procesos naturales del cuerpo dentro de hábitos de vida saludables."
"OMEGA 3,6,9",No lo hagas.,,,mas de 500 unidades,Suplemento Dietario ,,SD2021-0004618,"Este producto es un suplemento dietario, no es un medicamento y no suple una alimentación equilibrada.

Puede causar hipersensibilidad.

No consumir en estado de embarazo y lactancia.

Mantener fuera del alcance de los niños.

Almacenar a temperatura inferior a 30°C y humedad relativa menor a 75%.","Aporta ácidos grasos omega 3,6,9 nutrientes que forman parte de procesos relacionados con el bienestar cardiovascular, el metabolismo de las grasas y el equilibrio nutricional del organismo.",,,,Cantidad x 60 cápsulas blandas,"Adultos, tomar 1 cápsula blanda al día","Los ácidos grasos omega 3 y omega 6 son ácidos grasos esenciales que el organismo no puede producir por sí mismo y deben obtenerse a través de la alimentación. Junto con el Omega 9, forman parte del grupo de grasas insaturadas presentes de manera natural en algunos alimentos de origen vegetal como la linaza. Estos ácidos grasos participan en distintos procesos fisiológicos del organismo y se asocian al bienestar cardiovascular dentro de una alimentación equilibrada y hábitos de vida saludables."
SPIRULINA 500 mg,No lo hagas.,,,mas de 500 unidades,Suplemento Dietario ,,SD2023-0001733-R1,"Este producto es un suplemento dietario, no es un medicamento y no suple una alimentación equilibrada.

Puede causar hipersensibilidad.

No consumir en estado de embarazo y lactancia.

Mantener fuera del alcance de los niños.

Almacenar a temperatura inferior a 30°C y humedad relativa menor a 75%.","Aporta espirulina, microalga de origen natural reconocida por su contenido de proteínas, vitaminas, minerales y compuestos antioxidantes que forman parte de una nutrición equilibrada orientada al bienestar general.",,,,Cantidad x 60 cápsulas blandas,,"Contiene espirulina, microalga reconocida por su contenido natural de proteínas, vitaminas y minerales. Fuente de compuestos antioxidantes que forman parte de los procesos de protección celular frente al estrés oxidativo. Complementa la nutrición diaria, aportando nutrientes de origen natural dentro de una alimentación equilibrada. "
VITAMINA E 1000 UI + SELENIO 35 mcg,No lo hagas.,,,mas de 500 unidades,Suplemento Dietario ,,SD2014-0003099,"Este producto es un suplemento dietario, no es un medicamento y no suple una alimentación equilibrada.

Puede causar hipersensibilidad.

No consumir en estado de embarazo y lactancia.

Mantener fuera del alcance de los niños.

Almacenar a temperatura inferior a 30°C y humedad relativa menor a 75%.","Aporta protección antioxidante frente al estrés oxidativo.

Acompaña el bienestar celular y la vitalidad general.

Contribuye al mantenimiento normal de la piel y a su apariencia saludable.

El Selenio potencia la acción antioxidante de la Vitamina E.

Contribuye al bienestar de los tejidos.",,,,Cantidad x 60 cápsulas blandas,"Adultos, tomar 1 cápsula blanda al día","La vitamina E actúa de forma sinérgica con el selenio, ampliando su capacidad antioxidante, participando en la protección de las células frente al estrés oxidativo. Además, forman parte de procesos relacionados con el funcionamiento normal del sistema inmunológico y con el bienestar general del organismo."
VITAMINA E 400 UI + SELENIO 70 mcg,No lo hagas.,,,mas de 500 unidades,Suplemento Dietario ,,SD2016-0003799,"Este producto es un suplemento dietario, no es un medicamento y no suple una alimentación equilibrada.

Puede causar hipersensibilidad.

No consumir en estado de embarazo y lactancia.

Mantener fuera del alcance de los niños.

Almacenar a temperatura inferior a 30°C y humedad relativa menor a 75%.","Aporta protección antioxidante frente al estrés oxidativo.

Acompaña el bienestar celular y la vitalidad general.

Contribuye al mantenimiento normal de la piel y a su apariencia saludable.

El Selenio potencia la acción antioxidante de la Vitamina E.

Contribuye al bienestar de los tejidos.",,,,Cantidad x 60 cápsulas blandas,"Adultos, tomar 1 cápsula blanda al día","La vitamina E actúa de forma sinérgica con el selenio, ampliando su capacidad antioxidante, participando en la protección de las células frente al estrés oxidativo. Además, forman parte de procesos relacionados con el funcionamiento normal del sistema inmunológico y con el bienestar general del organismo."
